SET REFERENTIAL_INTEGRITY FALSE; // 禁用外键约束
ALTER TABLE "MOOC_PRODUCTS_CATEGORIES"
    ALTER COLUMN CATEGORIES_ID RENAME TO CATEGORY_ID;
INSERT INTO "MOOC_CATEGORIES" (ID, CODE, NAME, PARENT_ID)
VALUES (1, 'cat_b_m', 'Business & Management', NULL),
       (2, 'cat_c_s', 'Computer Science', NULL),
       (3, 'cat_d_s', 'Data Science', NULL),
       (4, 'cat_d', 'Design', NULL),
       (5, 'cat_h', 'Health', NULL),
       (6, 'cat_l', 'Language', NULL),
       (7, 'cat_m_l', 'Math & Logic', NULL),
       (8, 'cat_p_d', 'Personal Development', NULL),
       (9, 'cat_p_s_e', 'Physical Science & Engineering', NULL),
       (10, 'cat_s_s', 'Social Sciences', NULL),
       (11, 'cat_t_p', 'Test Prep', NULL),
       (12, 'cat_n', 'None', NULL),
       (13, 'cat_java', 'Java', 2),
       (14, 'cat_py', 'Python', 2),
       (15, 'cat_dart', 'Dart', 2),
       (16, 'cat_java_spring', 'Spring', 13);
ALTER TABLE "MOOC_CATEGORIES"
    ALTER COLUMN ID RESTART WITH 17;
INSERT INTO "MOOC_PRODUCTS_CATEGORIES" (CATEGORY_ID, PRODUCT_ID)
VALUES (1, 1),
       (2, 2),
       (2, 3),
       (3, 4),
       (3, 5),
       (3, 6),
       (4, 7),
       (5, 8),
       (5, 9),
       (6, 10),
       (6, 11),
       (6, 12),
       (7, 13),
       (7, 14),
       (8, 15),
       (9, 16),
       (10, 17),
       (11, 18),
       (11, 19),
       (12, 20),
       (12, 21),
       (12, 22),
       (12, 23),
       (12, 24);
INSERT INTO "MOOC_PRODUCTS" (ID, NAME, DESCRIPTION, PRICE, SKU, ORIGINAL_PRICE)
VALUES (1,
        U&'\771f\7ef4\65af\767d\8272\77ed\8896t\6064\5973\590f\5b63\7eaf\68c9\5bbd\677e\4f53\60642023\65b0\6b3e\767e\642d\663e\7626\534a\8896\4e0a\8863',
        'Learn how to use data to make better decisions', 10.00, 'sku_1', 20.00),
       (2,
        U&'Pioneer camp\51b0\6c27\5427\77ed\8896t\6064\5973\590f\5b63\8584\6b3e\5bbd\677e\900f\6c14\534a\8896\4e0a\8863\901f\5e72\4f53\6064',
        'Learn how to use data to make better decisions', 20.00, 'sku_2', 30.00),
       (3,
        U&'\6d77\8c272023\590f\65b0\6b3e\7eaf\8272\6781\7b80\7cfb\5e26T\6064\88d9\7b80\7ea6\6c14\8d28\538b\8936\8212\9002\8fde\8863\88d9\5973',
        'Learn how to use data to make better decisions', 30.00, 'sku_3', 40.00),
       (4, 'Data Science 4', 'Learn how to use data to make better decisions', 40.00, 'sku_4', 50.00),
       (5, 'Data Science 5', 'Learn how to use data to make better decisions', 50.00, 'sku_5', 60.00),
       (6, 'Data Science 6', 'Learn how to use data to make better decisions', 60.00, 'sku_6', 70.00),
       (7, 'Design 7', 'Learn how to use data to make better decisions', 70.00, 'sku_7', 80.00),
       (8, 'Health 8', 'Learn how to use data to make better decisions', 80.00, 'sku_8', 90.00),
       (9, 'Health 9', 'Learn how to use data to make better decisions', 90.00, 'sku_9', 100.00),
       (10, 'Language 10', 'Learn how to use data to make better decisions', 100.00, 'sku_10', 110.00),
       (11, 'Language 11', 'Learn how to use data to make better decisions', 110.00, 'sku_11', 120.00),
       (12, 'Language 12', 'Learn how to use data to make better decisions', 120.00, 'sku_12', 130.00),
       (13, 'Math & Logic 13', 'Learn how to use data to make better decisions', 130.00, 'sku_13', 140.00),
       (14, 'Math & Logic 14', 'Learn how to use data to make better decisions', 140.00, 'sku_14', 150.00),
       (15, 'Personal Development 15', 'Learn how to use data to make better decisions', 150.00, 'sku_15', 160.00),
       (16, 'Physical Science & Engineering 16', 'Learn how to use data to make better decisions', 160.00, 'sku_16',
        170.00),
       (17, 'Social Sciences 17', 'Learn how to use data to make better decisions', 170.00, 'sku_17', 180.00),
       (18, 'Test Prep 18', 'Learn how to use data to make better decisions', 180.00, 'sku_18', 190.00),
       (19, 'Test Prep 19', 'Learn how to use data to make better decisions', 190.00, 'sku_19', 200.00),
       (20, 'Test Prep 20', 'Learn how to use data to make better decisions', 200.00, 'sku_20', 210.00),
       (21, 'Hilton Atlanta', 'Learn how to use data to make better decisions', 210.00, 'sku_21', 220.00),
       (22, 'SpringHill Suites by Marriott Atlanta Buckhead', 'Learn how to use data to make better decisions', 220.00,
        'sku_22', 230.00),
       (23, 'None 23', 'Learn how to use data to make better decisions', 230.00, 'sku_23', NULL),
       (24, 'The Westin Peachtree Plaza, Atlanta', 'Learn how to use data to make better decisions', 240.00, 'sku_24',
        NULL);
ALTER TABLE "MOOC_PRODUCTS"
    ALTER COLUMN ID RESTART WITH 25;
INSERT INTO "MOOC_PRODUCT_IMAGES" (ID, URL, PRODUCT_ID)
VALUES (1, 'https://img.pddpic.com/gaudit-image/2023-04-22/b49ab90e9863bea58e706679d1605b7a.jpeg', 1),
       (2, 'https://img.pddpic.com/gaudit-image/2023-03-17/9cd7fd37e2df711e82db673a3d4a5b73.jpeg', 2),
       (3, 'https://img.pddpic.com/gaudit-image/2023-06-27/c5919976ed0bac899fcc785c8d651f52.jpeg', 3),
       (4,
        'https://images.pexels.com/photos/11700840/pexels-photo-11700840.jpeg?auto=compress&cs=tinysrgb&w=1600&lazy=load', 4),
       (5,
        'https://images.pexels.com/photos/8042737/pexels-photo-8042737.jpeg?auto=compress&cs=tinysrgb&w=1600&lazy=load', 5),
       (6,
        'https://images.pexels.com/photos/4659444/pexels-photo-4659444.jpeg?auto=compress&cs=tinysrgb&w=1600&lazy=load', 6),
       (7,
        'https://images.pexels.com/photos/7426478/pexels-photo-7426478.jpeg?auto=compress&cs=tinysrgb&w=1600&lazy=load', 7),
       (8,
        'https://images.pexels.com/photos/7541732/pexels-photo-7541732.jpeg?auto=compress&cs=tinysrgb&w=1600&lazy=load', 8),
       (9,
        'https://images.pexels.com/photos/9143960/pexels-photo-9143960.jpeg?auto=compress&cs=tinysrgb&w=1600&lazy=load', 9),
       (10,
        'https://images.pexels.com/photos/9143958/pexels-photo-9143958.jpeg?auto=compress&cs=tinysrgb&w=1600&lazy=load', 10),
       (11,
        'https://images.pexels.com/photos/9143964/pexels-photo-9143964.jpeg?auto=compress&cs=tinysrgb&w=1600&lazy=load', 11),
       (12,
        'https://images.pexels.com/photos/9143965/pexels-photo-9143965.jpeg?auto=compress&cs=tinysrgb&w=1600&lazy=load', 12),
       (13,
        'https://images.pexels.com/photos/9144030/pexels-photo-9144030.jpeg?auto=compress&cs=tinysrgb&w=1600&lazy=load', 13),
       (14,
        'https://images.pexels.com/photos/11681061/pexels-photo-11681061.jpeg?auto=compress&cs=tinysrgb&w=1600&lazy=load', 14),
       (15,
        'https://images.pexels.com/photos/4045619/pexels-photo-4045619.jpeg?auto=compress&cs=tinysrgb&w=1600&lazy=load', 15),
       (16, 'https://images.pexels.com/photos/10661108/pexels-photo-10661108.jpeg?auto=compress&cs=tinysrgb&w=1600', 16),
       (17, 'https://images.pexels.com/photos/13911326/pexels-photo-13911326.jpeg?auto=compress&cs=tinysrgb&w=1600', 17),
       (18, 'https://images.pexels.com/photos/9588261/pexels-photo-9588261.jpeg?auto=compress&cs=tinysrgb&w=1600', 18),
       (19, 'https://images.pexels.com/photos/10566125/pexels-photo-10566125.jpeg?auto=compress&cs=tinysrgb&w=1600', 19),
       (20, 'https://images.pexels.com/photos/4045031/pexels-photo-4045031.jpeg?auto=compress&cs=tinysrgb&w=1600', 20),
       (21, 'https://ak-d.tripcdn.com/images/22070l000000dann94033_R_640_440_R5_D.jpg_.webp', 21),
       (22, 'https://ak-d.tripcdn.com/images/220813000000uj76yE162_R_640_440_R5_D.jpg_.webp', 22),
       (23, 'https://images.pexels.com/photos/12528815/pexels-photo-12528815.jpeg', 23),
       (24, 'https://ak-d.tripcdn.com/images/220j050000000iape685E_R_600_400_R5_D.jpg_.webp', 24);
ALTER TABLE "MOOC_PRODUCT_IMAGES"
    ALTER COLUMN ID RESTART WITH 25;
UPDATE "MOOC_PAGE_BLOCK_DATA"
    SET CONTENT = JSON '{"id":12,"name":"None","code":"cat_n"}'
    WHERE ID = 11;
SET REFERENTIAL_INTEGRITY TRUE; // 开启外键约束